{
  "entity.player.small_fall": {
    "sounds": [
      "damage/fallsmall"
    ],
    "subtitle": "subtitles.entity.generic.small_fall"
  },
  "entity.player.big_fall": {
	"replace": "true",
    "sounds": [
      "damage/fallbig1",
      "damage/fallbig2"
    ],
    "subtitle": "subtitles.entity.generic.big_fall"
  },
  "entity.generic.big_fall": {
	"replace": "true",
    "sounds": [
      "damage/fallbig1",
      "damage/fallbig2"
    ],
    "subtitle": "subtitles.entity.generic.big_fall"
  },
  "entity.hostile.big_fall": {
	"replace": "true",
    "sounds": [
      "damage/fallbig1",
      "damage/fallbig2"
    ],
    "subtitle": "subtitles.entity.generic.big_fall"
  }
}